date,project_id,service,region,usage_amount,cost_usd,energy_kwh,g_co2_per_kwh,emissions_kgco2
9/21/2024,proj-retail,pubsub,asia-northeast1,2348.792662,0.002348792662,0.02348792662,470,0.01103932551
9/21/2024,proj-hr,cloud_loadbalancer,asia-northeast1,7709.165777,0.003854582888,0.007709165777,470,0.003623307915
9/21/2024,proj-hr,bigquery,asia-northeast1,4.427205527,22.13602764,8.854411054,470,4.161573196
9/21/2024,proj-hr,cloud_functions,asia-northeast1,263.1919604,0.0005263839208,0.02631919604,470,0.01237002214
9/21/2024,proj-infra,vertex_ai,asia-northeast1,20.38992203,40.77984405,50.97480507,470,23.95815838
9/21/2024,proj-sales,cloud_loadbalancer,asia-northeast1,7419.990384,0.003709995192,0.007419990384,470,0.00348739548
9/21/2024,proj-finance,genai_api,asia-northeast1,448.2264369,0.008964528738,0.008964528738,470,0.004213328507
9/21/2024,proj-hr,cloud_run,asia-northeast1,112.0027393,11.20027393,44.80109572,470,21.05651499
9/21/2024,proj-marketing,bigquery,asia-northeast1,4.571814525,22.85907262,9.143629049,470,4.297505653
9/21/2024,proj-retail,gke,asia-northeast1,35.98333729,2.51883361,21.59000237,470,10.14730111
9/21/2024,proj-finance,cloud_loadbalancer,asia-northeast1,8010.476701,0.00400523835,0.008010476701,470,0.003764924049
9/21/2024,proj-marketing,gke,asia-northeast1,35.79331982,2.505532387,21.47599189,470,10.09371619
9/21/2024,proj-mlresearch,cloud_loadbalancer,asia-northeast1,8104.782072,0.004052391036,0.008104782072,470,0.003809247574
9/21/2024,proj-infra,cloud_functions,asia-northeast1,266.2928799,0.0005325857598,0.02662928799,470,0.01251576535
9/21/2024,proj-finance,cloud_functions,asia-northeast1,270.0876716,0.0005401753431,0.02700876716,470,0.01269412056
9/21/2024,proj-finance,compute_engine,asia-northeast1,46.43671691,2.321835845,23.21835845,470,10.91262847
9/21/2024,proj-retail,cloud_run,asia-northeast1,117.2048679,11.72048679,46.88194716,470,22.03451517
9/21/2024,proj-app,gke,asia-northeast1,34.52362432,2.416653702,20.71417459,470,9.735662058
9/21/2024,proj-support,vertex_ai,asia-northeast1,18.71467921,37.42935842,46.78669803,470,21.98974807
9/21/2024,proj-infra,bigquery,asia-northeast1,4.443394597,22.21697299,8.886789194,470,4.176790921
9/21/2024,proj-mlresearch,pubsub,asia-northeast1,1435.274945,0.001435274945,0.01435274945,470,0.006745792241
9/21/2024,proj-support,cloud_run,asia-northeast1,108.5563545,10.85563545,43.42254181,470,20.40859465
9/21/2024,proj-sales,pubsub,asia-northeast1,1496.292446,0.001496292446,0.01496292446,470,0.007032574494
9/21/2024,proj-mlresearch,genai_api,asia-northeast1,746.9490942,0.01493898188,0.01493898188,470,0.007021321486
9/21/2024,proj-finance,cloud_storage,asia-northeast1,674.8292113,13.49658423,0.6748292113,470,0.3171697293
9/21/2024,proj-hr,gke,asia-northeast1,37.46064382,2.622245067,22.47638629,470,10.56390156
9/21/2024,proj-infra,cloud_loadbalancer,asia-northeast1,7396.460016,0.003698230008,0.007396460016,470,0.003476336207
9/21/2024,proj-app,genai_api,asia-northeast1,443.5843888,0.008871687776,0.008871687776,470,0.004169693255
9/21/2024,proj-finance,pubsub,asia-northeast1,1563.369979,0.001563369979,0.01563369979,470,0.007347838902
9/21/2024,proj-support,bigquery,asia-northeast1,4.399032098,21.99516049,8.798064197,470,4.135090172
9/21/2024,proj-sales,cloud_functions,asia-northeast1,254.8039567,0.0005096079134,0.02548039567,470,0.01197578597
9/21/2024,proj-hr,pubsub,asia-northeast1,1438.271027,0.001438271027,0.01438271027,470,0.006759873828
9/21/2024,proj-sales,genai_api,asia-northeast1,412.8780621,0.008257561242,0.008257561242,470,0.003881053784
9/21/2024,proj-sales,gke,asia-northeast1,37.83974043,2.64878183,22.70384426,470,10.6708068
9/21/2024,proj-support,cloud_storage,asia-northeast1,673.7839883,13.47567977,0.6737839883,470,0.3166784745
9/21/2024,proj-finance,vertex_ai,asia-northeast1,19.88084002,39.76168003,49.70210004,470,23.35998702
9/21/2024,proj-app,cloud_functions,asia-northeast1,247.3639109,0.0004947278218,0.02473639109,470,0.01162610381
9/21/2024,proj-infra,cloud_storage,asia-northeast1,649.6069397,12.99213879,0.6496069397,470,0.3053152617
9/21/2024,proj-marketing,vertex_ai,asia-northeast1,19.68989332,39.37978664,49.2247333,470,23.13562465
9/21/2024,proj-retail,cloud_storage,asia-northeast1,677.2629294,13.54525859,0.6772629294,470,0.3183135768
9/21/2024,proj-hr,compute_engine,asia-northeast1,45.6906719,2.284533595,22.84533595,470,10.7373079
9/21/2024,proj-sales,cloud_storage,asia-northeast1,644.609275,12.8921855,0.644609275,470,0.3029663592
9/21/2024,proj-marketing,cloud_loadbalancer,asia-northeast1,8001.131648,0.004000565824,0.008001131648,470,0.003760531875
9/21/2024,proj-mlresearch,cloud_storage,asia-northeast1,663.3805639,13.26761128,0.6633805639,470,0.311788865
9/21/2024,proj-support,compute_engine,asia-northeast1,46.46231103,2.323115551,23.23115551,470,10.91864309
9/21/2024,proj-app,compute_engine,asia-northeast1,46.04110151,2.302055076,23.02055076,470,10.81965885
9/21/2024,proj-sales,bigquery,asia-northeast1,4.398793357,21.99396679,8.797586715,470,4.134865756
9/21/2024,proj-finance,gke,asia-northeast1,36.36217324,2.545352127,21.81730394,470,10.25413285
9/21/2024,proj-analytics,gke,asia-northeast1,35.8778118,2.511446826,21.52668708,470,10.11754293
9/21/2024,proj-analytics,bigquery,asia-northeast1,6.817859132,34.08929566,13.63571826,470,6.408787584
9/21/2024,proj-sales,vertex_ai,asia-northeast1,19.85659421,39.71318842,49.64148553,470,23.3314982
9/21/2024,proj-mlresearch,gke,asia-northeast1,35.10890596,2.457623417,21.06534358,470,9.900711482
9/21/2024,proj-analytics,cloud_functions,asia-northeast1,248.8660848,0.0004977321697,0.02488660848,470,0.01169670599
9/21/2024,proj-retail,bigquery,asia-northeast1,4.664671745,23.32335872,9.32934349,470,4.38479144
9/21/2024,proj-sales,compute_engine,asia-northeast1,44.30759037,2.215379519,22.15379519,470,10.41228374
9/21/2024,proj-hr,genai_api,asia-northeast1,429.3498956,0.008586997913,0.008586997913,470,0.004035889019
9/21/2024,proj-hr,vertex_ai,asia-northeast1,19.03491898,38.06983796,47.58729745,470,22.3660298
9/21/2024,proj-finance,bigquery,asia-northeast1,5.751912335,28.75956167,11.50382467,470,5.406797595
9/21/2024,proj-support,pubsub,asia-northeast1,1474.239375,0.001474239375,0.01474239375,470,0.006928925063
9/21/2024,proj-app,pubsub,asia-northeast1,1487.550992,0.001487550992,0.01487550992,470,0.006991489662
9/21/2024,proj-analytics,compute_engine,asia-northeast1,45.53260895,2.276630447,22.76630447,470,10.7001631
9/21/2024,proj-analytics,genai_api,asia-northeast1,412.2092237,0.008244184475,0.008244184475,470,0.003874766703
9/21/2024,proj-retail,compute_engine,asia-northeast1,44.1553956,2.20776978,22.0776978,470,10.37651797
9/21/2024,proj-marketing,pubsub,asia-northeast1,1533.79488,0.00153379488,0.0153379488,470,0.007208835935
9/21/2024,proj-retail,cloud_loadbalancer,asia-northeast1,11982.4849,0.005991242451,0.0119824849,470,0.005631767904
9/21/2024,proj-finance,cloud_run,asia-northeast1,112.5167483,11.25167483,45.0066993,470,21.15314867
9/21/2024,proj-analytics,cloud_storage,asia-northeast1,1000.190771,20.00381543,1.000190771,470,0.4700896626
9/21/2024,proj-app,bigquery,asia-northeast1,4.691567407,23.45783703,9.383134813,470,4.410073362
9/21/2024,proj-analytics,vertex_ai,asia-northeast1,19.75951057,39.51902114,49.39877642,470,23.21742492
9/21/2024,proj-retail,cloud_functions,asia-northeast1,428.5464746,0.0008570929493,0.04285464746,470,0.02014168431
9/21/2024,proj-infra,genai_api,asia-northeast1,445.3344982,0.008906689964,0.008906689964,470,0.004186144283
9/21/2024,proj-hr,cloud_storage,asia-northeast1,643.5345177,12.87069035,0.6435345177,470,0.3024612233
9/21/2024,proj-mlresearch,cloud_run,asia-northeast1,118.9223557,11.89223557,47.56894228,470,22.35740287
9/21/2024,proj-analytics,pubsub,asia-northeast1,1511.42086,0.00151142086,0.0151142086,470,0.007103678044
9/21/2024,proj-app,cloud_loadbalancer,asia-northeast1,8083.163206,0.004041581603,0.008083163206,470,0.003799086707
9/21/2024,proj-app,cloud_run,asia-northeast1,110.5565778,11.05565778,44.22263111,470,20.78463662
9/21/2024,proj-analytics,cloud_loadbalancer,asia-northeast1,7616.093104,0.003808046552,0.007616093104,470,0.003579563759
9/21/2024,proj-mlresearch,bigquery,asia-northeast1,4.595127647,22.97563823,9.190255293,470,4.319419988
9/21/2024,proj-marketing,genai_api,asia-northeast1,428.1519341,0.008563038682,0.008563038682,470,0.004024628181
9/21/2024,proj-marketing,cloud_functions,asia-northeast1,270.1660084,0.0005403320168,0.02701660084,470,0.01269780239
9/21/2024,proj-app,vertex_ai,asia-northeast1,20.35709319,40.71418638,50.89273298,470,23.9195845
9/21/2024,proj-infra,cloud_run,asia-northeast1,173.7579301,17.37579301,69.50317203,470,32.66649085
9/21/2024,proj-infra,pubsub,asia-northeast1,1527.747341,0.001527747341,0.01527747341,470,0.007180412504
9/21/2024,proj-mlresearch,compute_engine,asia-northeast1,46.39071038,2.319535519,23.19535519,470,10.90181694
9/21/2024,proj-mlresearch,cloud_functions,asia-northeast1,246.4304743,0.0004928609485,0.02464304743,470,0.01158223229
9/21/2024,proj-support,cloud_loadbalancer,asia-northeast1,8160.544173,0.004080272086,0.008160544173,470,0.003835455761
9/21/2024,proj-support,cloud_functions,asia-northeast1,262.8346301,0.0005256692601,0.02628346301,470,0.01235322761
9/21/2024,proj-analytics,cloud_run,asia-northeast1,111.0888816,11.10888816,44.43555263,470,20.88470973
9/21/2024,proj-support,gke,asia-northeast1,37.05712962,2.593999073,22.23427777,470,10.45011055
9/21/2024,proj-sales,cloud_run,asia-northeast1,112.688427,11.2688427,45.0753708,470,21.18542428
9/21/2024,proj-mlresearch,vertex_ai,asia-northeast1,35.02758381,70.05516762,87.56895953,470,41.15741098
9/21/2024,proj-infra,compute_engine,asia-northeast1,65.40635819,3.27031791,32.7031791,470,15.37049418
9/21/2024,proj-retail,vertex_ai,asia-northeast1,20.1741706,40.3483412,50.4354265,470,23.70465046
9/21/2024,proj-retail,genai_api,asia-northeast1,427.4635387,0.008549270775,0.008549270775,470,0.004018157264
9/21/2024,proj-infra,gke,asia-northeast1,54.02834251,3.781983976,32.41700551,470,15.23599259
9/21/2024,proj-marketing,cloud_storage,asia-northeast1,645.8513873,12.91702775,0.6458513873,470,0.303550152
9/21/2024,proj-marketing,cloud_run,asia-northeast1,109.5595776,10.95595776,43.82383105,470,20.59720059
9/21/2024,proj-marketing,compute_engine,asia-northeast1,45.61690119,2.280845059,22.80845059,470,10.71997178
9/21/2024,proj-app,cloud_storage,asia-northeast1,649.7842409,12.99568482,0.6497842409,470,0.3053985932
9/21/2024,proj-support,genai_api,asia-northeast1,437.3481967,0.008746963934,0.008746963934,470,0.004111073049
9/21/2024,proj-finance,cloud_run,asia-south1,108.487646,10.8487646,43.39505839,708,30.72370134
9/21/2024,proj-marketing,compute_engine,asia-south1,46.51283135,2.325641567,23.25641567,708,16.4655423
9/21/2024,proj-hr,cloud_loadbalancer,asia-south1,11097.59836,0.00554879918,0.01109759836,708,0.007857099638
9/21/2024,proj-marketing,vertex_ai,asia-south1,19.91803637,39.83607275,49.79509093,708,35.25492438
9/21/2024,proj-analytics,bigquery,asia-south1,7.014736543,35.07368271,14.02947309,708,9.932866945
9/21/2024,proj-mlresearch,compute_engine,asia-south1,43.76132297,2.188066148,21.88066148,708,15.49150833
9/21/2024,proj-app,genai_api,asia-south1,421.2815194,0.008425630389,0.008425630389,708,0.005965346315
9/21/2024,proj-finance,cloud_functions,asia-south1,262.839376,0.0005256787521,0.0262839376,708,0.01860902782
9/21/2024,proj-hr,genai_api,asia-south1,432.9280107,0.008658560215,0.008658560215,708,0.006130260632
9/21/2024,proj-sales,genai_api,asia-south1,417.3314005,0.00834662801,0.00834662801,708,0.005909412631
9/21/2024,proj-app,cloud_functions,asia-south1,250.3273371,0.0005006546742,0.02503273371,708,0.01772317547
9/21/2024,proj-mlresearch,genai_api,asia-south1,800.5751844,0.01601150369,0.01601150369,708,0.01133614461
9/21/2024,proj-app,cloud_storage,asia-south1,927.2081227,18.54416245,0.9272081227,708,0.6564633509
9/21/2024,proj-analytics,gke,asia-south1,34.88840829,2.44218858,20.93304497,708,14.82059584
9/21/2024,proj-sales,vertex_ai,asia-south1,19.89498456,39.78996912,49.7374614,708,35.21412267
9/21/2024,proj-retail,cloud_loadbalancer,asia-south1,17529.54022,0.008764770112,0.01752954022,708,0.01241091448
9/21/2024,proj-app,cloud_loadbalancer,asia-south1,10498.54031,0.005249270157,0.01049854031,708,0.007432966542
9/21/2024,proj-retail,cloud_functions,asia-south1,417.586221,0.000835172442,0.0417586221,708,0.02956510445
9/21/2024,proj-support,cloud_run,asia-south1,112.0950183,11.20950183,44.83800734,708,31.74530919
9/21/2024,proj-support,cloud_storage,asia-south1,903.4235529,18.06847106,0.9034235529,708,0.6396238755
9/21/2024,proj-analytics,cloud_run,asia-south1,119.3559186,11.93559186,47.74236745,708,33.80159615
9/21/2024,proj-retail,genai_api,asia-south1,418.519513,0.00837039026,0.00837039026,708,0.005926236304
9/21/2024,proj-sales,compute_engine,asia-south1,46.61538772,2.330769386,23.30769386,708,16.50184725
9/21/2024,proj-infra,genai_api,asia-south1,442.2135966,0.008844271933,0.008844271933,708,0.006261744528
9/21/2024,proj-analytics,cloud_storage,asia-south1,1313.895813,26.27791626,1.313895813,708,0.9302382355
9/21/2024,proj-infra,cloud_loadbalancer,asia-south1,11126.37899,0.005563189493,0.01112637899,708,0.007877476322
9/21/2024,proj-retail,bigquery,asia-south1,4.577782819,22.88891409,9.155565638,708,6.482140472
9/21/2024,proj-infra,cloud_storage,asia-south1,947.480912,18.94961824,0.947480912,708,0.6708164857
9/21/2024,proj-retail,cloud_storage,asia-south1,944.5641179,18.89128236,0.9445641179,708,0.6687513955
9/21/2024,proj-sales,cloud_loadbalancer,asia-south1,11179.24989,0.005589624946,0.01117924989,708,0.007914908924
9/21/2024,proj-sales,pubsub,asia-south1,1454.531596,0.001454531596,0.01454531596,708,0.0102980837
9/21/2024,proj-app,gke,asia-south1,35.4400829,2.480805803,21.26404974,708,15.05494722
9/21/2024,proj-infra,cloud_functions,asia-south1,254.1945702,0.0005083891404,0.02541945702,708,0.01799697557
9/21/2024,proj-infra,gke,asia-south1,53.04833127,3.713383189,31.82899876,708,22.53493112
9/21/2024,proj-mlresearch,pubsub,asia-south1,1544.739372,0.001544739372,0.01544739372,708,0.01093675475
9/21/2024,proj-retail,gke,asia-south1,35.38662231,2.477063561,21.23197338,708,15.03223716
9/21/2024,proj-finance,bigquery,asia-south1,5.715415324,28.57707662,11.43083065,708,8.093028098
9/21/2024,proj-retail,cloud_run,asia-south1,118.1953915,11.81953915,47.27815658,708,33.47293486
9/21/2024,proj-sales,bigquery,asia-south1,4.427576967,22.13788484,8.855153935,708,6.269448986
9/21/2024,proj-support,gke,asia-south1,35.31383273,2.471968291,21.18829964,708,15.00131614
9/21/2024,proj-finance,cloud_storage,asia-south1,916.8291838,18.33658368,0.9168291838,708,0.6491150622
9/21/2024,proj-marketing,cloud_loadbalancer,asia-south1,11235.76338,0.005617881692,0.01123576338,708,0.007954920477
9/21/2024,proj-retail,pubsub,asia-south1,2342.668281,0.002342668281,0.02342668281,708,0.01658609143
9/21/2024,proj-mlresearch,cloud_functions,asia-south1,270.7291055,0.0005414582111,0.02707291055,708,0.01916762067
9/21/2024,proj-app,pubsub,asia-south1,1484.649502,0.001484649502,0.01484649502,708,0.01051131848
9/21/2024,proj-finance,vertex_ai,asia-south1,18.7013035,37.40260701,46.75325876,708,33.1013072
9/21/2024,proj-mlresearch,cloud_loadbalancer,asia-south1,10947.62414,0.005473812068,0.01094762414,708,0.007750917888
9/21/2024,proj-marketing,cloud_storage,asia-south1,866.1118558,17.32223712,0.8661118558,708,0.6132071939
9/21/2024,proj-infra,bigquery,asia-south1,4.697134882,23.48567441,9.394269764,708,6.651142993
9/21/2024,proj-app,vertex_ai,asia-south1,20.17755353,40.35510706,50.44388383,708,35.71426975
9/21/2024,proj-support,bigquery,asia-south1,4.600206699,23.0010335,9.200413398,708,6.513892686
9/21/2024,proj-marketing,bigquery,asia-south1,4.649214134,23.24607067,9.298428268,708,6.583287214
9/21/2024,proj-finance,cloud_loadbalancer,asia-south1,10828.43138,0.005414215688,0.01082843138,708,0.007666529415
9/21/2024,proj-mlresearch,cloud_run,asia-south1,115.8437925,11.58437925,46.33751699,708,32.80696203
9/21/2024,proj-infra,pubsub,asia-south1,1467.016322,0.001467016322,0.01467016322,708,0.01038647556
9/21/2024,proj-marketing,cloud_functions,asia-south1,258.0494863,0.0005160989726,0.02580494863,708,0.01826990363
9/21/2024,proj-mlresearch,cloud_storage,asia-south1,871.0013663,17.42002733,0.8710013663,708,0.6166689673
9/21/2024,proj-analytics,pubsub,asia-south1,1423.389461,0.001423389461,0.01423389461,708,0.01007759739
9/21/2024,proj-hr,pubsub,asia-south1,1555.234049,0.001555234049,0.01555234049,708,0.01101105707
9/21/2024,proj-analytics,genai_api,asia-south1,419.9925601,0.008399851202,0.008399851202,708,0.005947094651
9/21/2024,proj-support,cloud_loadbalancer,asia-south1,10592.65617,0.005296328083,0.01059265617,708,0.007499600565
9/21/2024,proj-retail,vertex_ai,asia-south1,19.19279216,38.38558432,47.9819804,708,33.97124212
9/21/2024,proj-marketing,cloud_run,asia-south1,117.9180713,11.79180713,47.16722853,708,33.3943978
9/21/2024,proj-analytics,vertex_ai,asia-south1,18.46911041,36.93822083,46.17277603,708,32.69032543
9/21/2024,proj-analytics,cloud_functions,asia-south1,259.0729495,0.000518145899,0.02590729495,708,0.01834236482
9/21/2024,proj-support,compute_engine,asia-south1,43.64174833,2.182087417,21.82087417,708,15.44917891
9/21/2024,proj-app,compute_engine,asia-south1,45.4614993,2.273074965,22.73074965,708,16.09337075
9/21/2024,proj-app,bigquery,asia-south1,4.331739019,21.65869509,8.663478038,708,6.133742451
9/21/2024,proj-mlresearch,bigquery,asia-south1,4.416907548,22.08453774,8.833815095,708,6.254341087
9/21/2024,proj-mlresearch,vertex_ai,asia-south1,34.53532725,69.07065449,86.33831812,708,61.12752923
9/21/2024,proj-marketing,genai_api,asia-south1,438.7817291,0.008775634581,0.008775634581,708,0.006213149283
9/21/2024,proj-infra,cloud_run,asia-south1,170.264574,17.0264574,68.10582962,708,48.21892737
9/21/2024,proj-support,cloud_functions,asia-south1,264.8186683,0.0005296373367,0.02648186683,708,0.01874916172
9/21/2024,proj-hr,gke,asia-south1,35.56191047,2.489333733,21.33714628,708,15.10669957
9/21/2024,proj-support,genai_api,asia-south1,436.9353763,0.008738707525,0.008738707525,708,0.006187004928
9/21/2024,proj-app,cloud_run,asia-south1,117.6388784,11.76388784,47.05555137,708,33.31533037
9/21/2024,proj-finance,gke,asia-south1,37.14217402,2.599952182,22.28530441,708,15.77799553
9/21/2024,proj-sales,cloud_functions,asia-south1,247.8434628,0.0004956869256,0.02478434628,708,0.01754731716
9/21/2024,proj-support,vertex_ai,asia-south1,18.6209738,37.2419476,46.5524345,708,32.95912363
9/21/2024,proj-hr,cloud_functions,asia-south1,251.1789835,0.0005023579671,0.02511789835,708,0.01778347203
9/21/2024,proj-finance,compute_engine,asia-south1,43.48915511,2.174457756,21.74457756,708,15.39516091
9/21/2024,proj-hr,vertex_ai,asia-south1,20.39826578,40.79653157,50.99566446,708,36.10493044
9/21/2024,proj-infra,vertex_ai,asia-south1,20.32893344,40.65786689,50.82233361,708,35.9822122
9/21/2024,proj-mlresearch,gke,asia-south1,35.70359038,2.499251327,21.42215423,708,15.16688519
9/21/2024,proj-hr,cloud_storage,asia-south1,915.1006278,18.30201256,0.9151006278,708,0.6478912445
9/21/2024,proj-analytics,cloud_loadbalancer,asia-south1,10398.13562,0.005199067812,0.01039813562,708,0.007361880022
9/21/2024,proj-finance,pubsub,asia-south1,1453.367385,0.001453367385,0.01453367385,708,0.01028984108
9/21/2024,proj-infra,compute_engine,asia-south1,71.3380608,3.56690304,35.6690304,708,25.25367352
9/21/2024,proj-retail,compute_engine,asia-south1,45.08025104,2.254012552,22.54012552,708,15.95840887
9/21/2024,proj-marketing,pubsub,asia-south1,1424.593322,0.001424593322,0.01424593322,708,0.01008612072
9/21/2024,proj-marketing,gke,asia-south1,37.33362823,2.613353976,22.40017694,708,15.85932527
9/21/2024,proj-sales,cloud_storage,asia-south1,917.7957471,18.35591494,0.9177957471,708,0.649799389
9/21/2024,proj-sales,gke,asia-south1,37.66195749,2.636337024,22.5971745,708,15.99879954
9/21/2024,proj-finance,genai_api,asia-south1,435.5756081,0.008711512162,0.008711512162,708,0.00616775061
9/21/2024,proj-hr,compute_engine,asia-south1,46.27759724,2.313879862,23.13879862,708,16.38226942
9/21/2024,proj-hr,cloud_run,asia-south1,118.9330837,11.89330837,47.5732335,708,33.68184932
9/21/2024,proj-sales,cloud_run,asia-south1,112.4236428,11.24236428,44.96945711,708,31.83837563
9/21/2024,proj-analytics,compute_engine,asia-south1,47.32899423,2.366449711,23.66449711,708,16.75446396
9/21/2024,proj-support,pubsub,asia-south1,1560.442249,0.001560442249,0.01560442249,708,0.01104793112
9/21/2024,proj-hr,bigquery,asia-south1,4.705077636,23.52538818,9.410155273,708,6.662389933
9/21/2024,proj-analytics,cloud_run,australia-southeast1,113.4905784,11.34905784,45.39623138,640,29.05358808
9/21/2024,proj-sales,pubsub,australia-southeast1,1558.935729,0.001558935729,0.01558935729,640,0.009977188666
9/21/2024,proj-finance,vertex_ai,australia-southeast1,19.34268908,38.68537817,48.35672271,640,30.94830253
9/21/2024,proj-hr,cloud_functions,australia-southeast1,268.0017154,0.0005360034308,0.02680017154,640,0.01715210978
9/21/2024,proj-sales,bigquery,australia-southeast1,4.756444638,23.78222319,9.512889276,640,6.088249137
9/21/2024,proj-finance,pubsub,australia-southeast1,1524.31128,0.00152431128,0.0152431128,640,0.009755592193
9/21/2024,proj-infra,genai_api,australia-southeast1,409.3748405,0.008187496811,0.008187496811,640,0.005239997959
9/21/2024,proj-marketing,cloud_loadbalancer,australia-southeast1,7633.170576,0.003816585288,0.007633170576,640,0.004885229169
9/21/2024,proj-mlresearch,vertex_ai,australia-southeast1,35.68197609,71.36395218,89.20494023,640,57.09116174
9/21/2024,proj-hr,gke,australia-southeast1,35.84273617,2.508991532,21.5056417,640,13.76361069
9/21/2024,proj-mlresearch,cloud_loadbalancer,australia-southeast1,7430.113576,0.003715056788,0.007430113576,640,0.004755272689
9/21/2024,proj-retail,genai_api,australia-southeast1,443.3221196,0.008866442393,0.008866442393,640,0.005674523131
9/21/2024,proj-marketing,pubsub,australia-southeast1,1437.856264,0.001437856264,0.01437856264,640,0.00920228009
9/21/2024,proj-support,cloud_storage,australia-southeast1,977.4312691,19.54862538,0.9774312691,640,0.6255560122
9/21/2024,proj-marketing,genai_api,australia-southeast1,422.2638946,0.008445277891,0.008445277891,640,0.005404977851
9/21/2024,proj-analytics,vertex_ai,australia-southeast1,18.90992344,37.81984689,47.27480861,640,30.25587751
9/21/2024,proj-retail,cloud_functions,australia-southeast1,398.0166191,0.0007960332382,0.03980166191,640,0.02547306362
9/21/2024,proj-mlresearch,gke,australia-southeast1,37.04193674,2.592935572,22.22516204,640,14.22410371
9/21/2024,proj-finance,bigquery,australia-southeast1,5.843537264,29.21768632,11.68707453,640,7.479727698
9/21/2024,proj-app,cloud_loadbalancer,australia-southeast1,7446.875127,0.003723437564,0.007446875127,640,0.004766000082
9/21/2024,proj-support,cloud_loadbalancer,australia-southeast1,7518.012424,0.003759006212,0.007518012424,640,0.004811527952
9/21/2024,proj-support,bigquery,australia-southeast1,4.617339704,23.08669852,9.234679407,640,5.910194821
9/21/2024,proj-infra,vertex_ai,australia-southeast1,20.28342384,40.56684768,50.70855961,640,32.45347815
9/21/2024,proj-mlresearch,cloud_functions,australia-southeast1,268.6731932,0.0005373463865,0.02686731932,640,0.01719508437
9/21/2024,proj-marketing,cloud_run,australia-southeast1,113.5786693,11.35786693,45.43146771,640,29.07613934
9/21/2024,proj-infra,bigquery,australia-southeast1,4.728468623,23.64234312,9.456937246,640,6.052439838
9/21/2024,proj-mlresearch,cloud_run,australia-southeast1,119.6728029,11.96728029,47.86912116,640,30.63623754
9/21/2024,proj-analytics,cloud_storage,australia-southeast1,1448.238729,28.96477459,1.448238729,640,0.9268727868
9/21/2024,proj-analytics,gke,australia-southeast1,35.67813564,2.497469495,21.40688139,640,13.70040409
9/21/2024,proj-support,gke,australia-southeast1,35.00158281,2.450110797,21.00094968,640,13.4406078
9/21/2024,proj-analytics,bigquery,australia-southeast1,6.858887627,34.29443813,13.71777525,640,8.779376162
9/21/2024,proj-hr,cloud_loadbalancer,australia-southeast1,7987.23282,0.00399361641,0.00798723282,640,0.005111829005
9/21/2024,proj-retail,gke,australia-southeast1,36.96591933,2.587614353,22.1795516,640,14.19491302
9/21/2024,proj-sales,cloud_functions,australia-southeast1,261.992972,0.0005239859441,0.0261992972,640,0.01676755021
9/21/2024,proj-marketing,cloud_functions,australia-southeast1,270.2965409,0.0005405930819,0.02702965409,640,0.01729897862
9/21/2024,proj-marketing,compute_engine,australia-southeast1,43.78896743,2.189448371,21.89448371,640,14.01246958
9/21/2024,proj-support,compute_engine,australia-southeast1,44.07864121,2.20393206,22.0393206,640,14.10516519
9/21/2024,proj-app,cloud_run,australia-southeast1,111.3789414,11.13789414,44.55157656,640,28.513009
9/21/2024,proj-support,cloud_run,australia-southeast1,109.7589965,10.97589965,43.90359859,640,28.0983031
9/21/2024,proj-sales,cloud_loadbalancer,australia-southeast1,7406.911376,0.003703455688,0.007406911376,640,0.00474042328
9/21/2024,proj-mlresearch,bigquery,australia-southeast1,4.612888087,23.06444044,9.225776174,640,5.904496752
9/21/2024,proj-support,genai_api,australia-southeast1,442.0615067,0.008841230134,0.008841230134,640,0.005658387285
9/21/2024,proj-infra,gke,australia-southeast1,53.93435264,3.775404684,32.36061158,640,20.71079141
9/21/2024,proj-support,cloud_functions,australia-southeast1,258.8417893,0.0005176835786,0.02588417893,640,0.01656587451
9/21/2024,proj-retail,pubsub,australia-southeast1,2476.641312,0.002476641312,0.02476641312,640,0.0158505044
9/21/2024,proj-analytics,cloud_functions,australia-southeast1,261.2099469,0.0005224198939,0.02612099469,640,0.0167174366
9/21/2024,proj-infra,cloud_storage,australia-southeast1,988.7523001,19.775046,0.9887523001,640,0.632801472
9/21/2024,proj-mlresearch,genai_api,australia-southeast1,734.6996402,0.0146939928,0.0146939928,640,0.009404155395
9/21/2024,proj-app,cloud_storage,australia-southeast1,1006.464478,20.12928956,1.006464478,640,0.644137266
9/21/2024,proj-app,bigquery,australia-southeast1,4.339823481,21.69911741,8.679646963,640,5.554974056
9/21/2024,proj-sales,cloud_storage,australia-southeast1,993.7572117,19.87514423,0.9937572117,640,0.6360046155
9/21/2024,proj-hr,vertex_ai,australia-southeast1,20.30469172,40.60938344,50.7617293,640,32.48750675
9/21/2024,proj-app,cloud_functions,australia-southeast1,260.2454611,0.0005204909222,0.02602454611,640,0.01665570951
9/21/2024,proj-infra,cloud_run,australia-southeast1,169.0680612,16.90680612,67.62722448,640,43.28142367
9/21/2024,proj-finance,compute_engine,australia-southeast1,45.25497855,2.262748927,22.62748927,640,14.48159314
9/21/2024,proj-analytics,cloud_loadbalancer,australia-southeast1,7885.042772,0.003942521386,0.007885042772,640,0.005046427374
9/21/2024,proj-app,gke,australia-southeast1,36.74158652,2.571911056,22.04495191,640,14.10876922
9/21/2024,proj-analytics,compute_engine,australia-southeast1,43.80097245,2.190048622,21.90048622,640,14.01631118
9/21/2024,proj-mlresearch,pubsub,australia-southeast1,1557.195004,0.001557195004,0.01557195004,640,0.009966048024
9/21/2024,proj-analytics,genai_api,australia-southeast1,439.4277892,0.008788555785,0.008788555785,640,0.005624675702
9/21/2024,proj-mlresearch,compute_engine,australia-southeast1,45.30172143,2.265086072,22.65086072,640,14.49655086
9/21/2024,proj-hr,genai_api,australia-southeast1,443.4152332,0.008868304664,0.008868304664,640,0.005675714985
9/21/2024,proj-hr,bigquery,australia-southeast1,4.668188999,23.340945,9.336377999,640,5.975281919
9/21/2024,proj-retail,compute_engine,australia-southeast1,47.56252809,2.378126404,23.78126404,640,15.22000899
9/21/2024,proj-app,vertex_ai,australia-southeast1,18.91855856,37.83711713,47.29639641,640,30.2696937
9/21/2024,proj-retail,cloud_storage,australia-southeast1,931.6903319,18.63380664,0.9316903319,640,0.5962818124
9/21/2024,proj-sales,genai_api,australia-southeast1,418.9613044,0.008379226088,0.008379226088,640,0.005362704696
9/21/2024,proj-finance,gke,australia-southeast1,35.44895833,2.481427083,21.269375,640,13.6124
9/21/2024,proj-retail,vertex_ai,australia-southeast1,19.04401986,38.08803972,47.61004965,640,30.47043178
9/21/2024,proj-retail,bigquery,australia-southeast1,4.635385279,23.17692639,9.270770557,640,5.933293157
9/21/2024,proj-analytics,pubsub,australia-southeast1,1534.954843,0.001534954843,0.01534954843,640,0.009823710994
9/21/2024,proj-finance,cloud_storage,australia-southeast1,931.5459724,18.63091945,0.9315459724,640,0.5961894223
9/21/2024,proj-finance,cloud_run,australia-southeast1,108.3316371,10.83316371,43.33265482,640,27.73289909
9/21/2024,proj-marketing,bigquery,australia-southeast1,4.36458362,21.8229181,8.72916724,640,5.586667033
9/21/2024,proj-hr,cloud_storage,australia-southeast1,959.5263037,19.19052607,0.9595263037,640,0.6140968344
9/21/2024,proj-sales,vertex_ai,australia-southeast1,18.52866067,37.05732135,46.32165168,640,29.64585708
9/21/2024,proj-infra,cloud_loadbalancer,australia-southeast1,8061.076874,0.004030538437,0.008061076874,640,0.005159089199
9/21/2024,proj-sales,compute_engine,australia-southeast1,47.17313953,2.358656976,23.58656976,640,15.09540465
9/21/2024,proj-marketing,cloud_storage,australia-southeast1,1009.046027,20.18092054,1.009046027,640,0.6457894573
9/21/2024,proj-infra,cloud_functions,australia-southeast1,248.7122297,0.0004974244594,0.02487122297,640,0.0159175827
9/21/2024,proj-support,pubsub,australia-southeast1,1552.506426,0.001552506426,0.01552506426,640,0.009936041125
9/21/2024,proj-hr,compute_engine,australia-southeast1,46.53372942,2.326686471,23.26686471,640,14.89079341
9/21/2024,proj-finance,genai_api,australia-southeast1,437.6065113,0.008752130225,0.008752130225,640,0.005601363344
9/21/2024,proj-hr,cloud_run,australia-southeast1,115.3893562,11.53893562,46.1557425,640,29.5396752
9/21/2024,proj-retail,cloud_loadbalancer,australia-southeast1,11996.92644,0.005998463218,0.01199692644,640,0.007678032919
9/21/2024,proj-support,vertex_ai,australia-southeast1,19.93312655,39.8662531,49.83281637,640,31.89300248
9/21/2024,proj-sales,gke,australia-southeast1,36.88398685,2.58187908,22.13039211,640,14.16345095
9/21/2024,proj-mlresearch,cloud_storage,australia-southeast1,930.1776532,18.60355306,0.9301776532,640,0.595313698
9/21/2024,proj-app,pubsub,australia-southeast1,1529.32317,0.00152932317,0.0152932317,640,0.009787668286
9/21/2024,proj-infra,compute_engine,australia-southeast1,67.00324934,3.350162467,33.50162467,640,21.44103979
9/21/2024,proj-marketing,vertex_ai,australia-southeast1,18.74172543,37.48345086,46.85431358,640,29.98676069
9/21/2024,proj-finance,cloud_functions,australia-southeast1,269.603231,0.0005392064621,0.0269603231,640,0.01725460679
9/21/2024,proj-hr,pubsub,australia-southeast1,1524.854376,0.001524854376,0.01524854376,640,0.009759068007
9/21/2024,proj-retail,cloud_run,australia-southeast1,112.8576293,11.28576293,45.14305173,640,28.89155311
9/21/2024,proj-infra,pubsub,australia-southeast1,1475.504813,0.001475504813,0.01475504813,640,0.009443230802
9/21/2024,proj-marketing,gke,australia-southeast1,35.14034264,2.459823985,21.08420559,640,13.49389158
9/21/2024,proj-app,compute_engine,australia-southeast1,45.64865349,2.282432674,22.82432674,640,14.60756912
9/21/2024,proj-app,genai_api,australia-southeast1,425.7193057,0.008514386114,0.008514386114,640,0.005449207113
9/21/2024,proj-finance,cloud_loadbalancer,australia-southeast1,7826.535696,0.003913267848,0.007826535696,640,0.005008982846
9/21/2024,proj-sales,cloud_run,australia-southeast1,114.2086715,11.42086715,45.6834686,640,29.2374199
9/21/2024,proj-mlresearch,cloud_run,europe-north1,117.6797049,11.76797049,47.07188198,180,8.472938756
9/21/2024,proj-marketing,cloud_loadbalancer,europe-north1,7692.407238,0.003846203619,0.007692407238,180,0.001384633303
9/21/2024,proj-sales,genai_api,europe-north1,666.7060994,0.01333412199,0.01333412199,180,0.002400141958
9/21/2024,proj-infra,genai_api,europe-north1,623.8896535,0.01247779307,0.01247779307,180,0.002246002753
9/21/2024,proj-sales,cloud_run,europe-north1,111.2807271,11.12807271,44.51229083,180,8.012212349
9/21/2024,proj-marketing,cloud_run,europe-north1,119.0185631,11.90185631,47.60742522,180,8.56933654
9/21/2024,proj-analytics,pubsub,europe-north1,1547.860929,0.001547860929,0.01547860929,180,0.002786149672
9/21/2024,proj-support,bigquery,europe-north1,4.491740225,22.45870113,8.983480451,180,1.617026481
9/21/2024,proj-infra,cloud_loadbalancer,europe-north1,7506.948905,0.003753474453,0.007506948905,180,0.001351250803
9/21/2024,proj-retail,cloud_functions,europe-north1,414.7119494,0.0008294238988,0.04147119494,180,0.007464815089
9/21/2024,proj-hr,vertex_ai,europe-north1,30.45038621,60.90077242,76.12596553,180,13.70267379
9/21/2024,proj-analytics,cloud_loadbalancer,europe-north1,7982.782031,0.003991391016,0.007982782031,180,0.001436900766
9/21/2024,proj-app,cloud_functions,europe-north1,270.9364307,0.0005418728614,0.02709364307,180,0.004876855753
9/21/2024,proj-sales,bigquery,europe-north1,4.519977486,22.59988743,9.039954973,180,1.627191895
9/21/2024,proj-support,genai_api,europe-north1,629.8462671,0.01259692534,0.01259692534,180,0.002267446562
9/21/2024,proj-sales,cloud_storage,europe-north1,641.4087487,12.82817497,0.6414087487,180,0.1154535748
9/21/2024,proj-marketing,genai_api,europe-north1,652.9017257,0.01305803451,0.01305803451,180,0.002350446213
9/21/2024,proj-finance,cloud_functions,europe-north1,262.6856633,0.0005253713267,0.02626856633,180,0.00472834194
9/21/2024,proj-sales,cloud_functions,europe-north1,263.2370351,0.0005264740702,0.02632370351,180,0.004738266632
9/21/2024,proj-sales,vertex_ai,europe-north1,28.41428142,56.82856285,71.03570356,180,12.78642664
9/21/2024,proj-app,genai_api,europe-north1,633.2864301,0.0126657286,0.0126657286,180,0.002279831148
9/21/2024,proj-analytics,cloud_run,europe-north1,115.7049214,11.57049214,46.28196856,180,8.330754341
9/21/2024,proj-app,cloud_run,europe-north1,112.8290441,11.28290441,45.13161762,180,8.123691172
9/21/2024,proj-mlresearch,bigquery,europe-north1,4.625704236,23.12852118,9.251408473,180,1.665253525
9/21/2024,proj-marketing,pubsub,europe-north1,1457.569048,0.001457569048,0.01457569048,180,0.002623624287
9/21/2024,proj-marketing,compute_engine,europe-north1,44.92397711,2.246198855,22.46198855,180,4.04315794
9/21/2024,proj-finance,bigquery,europe-north1,6.153759222,30.76879611,12.30751844,180,2.21535332
9/21/2024,proj-sales,compute_engine,europe-north1,45.36943773,2.268471887,22.68471887,180,4.083249396
9/21/2024,proj-analytics,vertex_ai,europe-north1,28.36564868,56.73129735,70.91412169,180,12.7645419
9/21/2024,proj-hr,bigquery,europe-north1,4.657156216,23.28578108,9.314312432,180,1.676576238
9/21/2024,proj-finance,gke,europe-north1,36.10376829,2.52726378,21.66226097,180,3.899206975
9/21/2024,proj-app,pubsub,europe-north1,1463.206525,0.001463206525,0.01463206525,180,0.002633771745
9/21/2024,proj-support,gke,europe-north1,35.52493525,2.486745467,21.31496115,180,3.836693007
9/21/2024,proj-mlresearch,cloud_functions,europe-north1,263.0099477,0.0005260198953,0.02630099477,180,0.004734179058
9/21/2024,proj-app,cloud_storage,europe-north1,652.1633191,13.04326638,0.6521633191,180,0.1173893974
9/21/2024,proj-hr,compute_engine,europe-north1,47.08738579,2.35436929,23.5436929,180,4.237864722
9/21/2024,proj-retail,bigquery,europe-north1,4.404629509,22.02314754,8.809259018,180,1.585666623
9/21/2024,proj-marketing,vertex_ai,europe-north1,29.63087065,59.26174131,74.07717663,180,13.33389179
9/21/2024,proj-analytics,bigquery,europe-north1,6.978188815,34.89094408,13.95637763,180,2.512147973
9/21/2024,proj-app,cloud_loadbalancer,europe-north1,7704.472742,0.003852236371,0.007704472742,180,0.001386805094
9/21/2024,proj-marketing,cloud_storage,europe-north1,624.0840297,12.48168059,0.6240840297,180,0.1123351253
9/21/2024,proj-mlresearch,gke,europe-north1,35.7545943,2.502821601,21.45275658,180,3.861496184
9/21/2024,proj-mlresearch,cloud_loadbalancer,europe-north1,8028.268443,0.004014134221,0.008028268443,180,0.00144508832
9/21/2024,proj-app,compute_engine,europe-north1,46.33935039,2.316967519,23.16967519,180,4.170541535
9/21/2024,proj-infra,gke,europe-north1,51.9474491,3.636321437,31.16846946,180,5.610324503
9/21/2024,proj-finance,cloud_run,europe-north1,116.7423798,11.67423798,46.6969519,180,8.405451342
9/21/2024,proj-support,cloud_functions,europe-north1,248.3352752,0.0004966705505,0.02483352752,180,0.004470034954
9/21/2024,proj-retail,cloud_storage,europe-north1,632.7475109,12.65495022,0.6327475109,180,0.113894552
9/21/2024,proj-marketing,bigquery,europe-north1,4.370480962,21.85240481,8.740961923,180,1.573373146
9/21/2024,proj-support,pubsub,europe-north1,1440.653646,0.001440653646,0.01440653646,180,0.002593176563
9/21/2024,proj-finance,vertex_ai,europe-north1,28.24050156,56.48100312,70.6012539,180,12.7082257
9/21/2024,proj-infra,vertex_ai,europe-north1,28.39031159,56.78062318,70.97577898,180,12.77564022
9/21/2024,proj-marketing,gke,europe-north1,37.87644644,2.651351251,22.72586786,180,4.090656215
9/21/2024,proj-retail,genai_api,europe-north1,625.8771735,0.01251754347,0.01251754347,180,0.002253157825
9/21/2024,proj-support,cloud_loadbalancer,europe-north1,7932.650895,0.003966325447,0.007932650895,180,0.001427877161
9/21/2024,proj-hr,genai_api,europe-north1,636.1455332,0.01272291066,0.01272291066,180,0.002290123919
9/21/2024,proj-mlresearch,genai_api,europe-north1,1194.062272,0.02388124543,0.02388124543,180,0.004298624178
9/21/2024,proj-hr,gke,europe-north1,36.1167738,2.528174166,21.67006428,180,3.900611571
9/21/2024,proj-support,cloud_run,europe-north1,114.8440291,11.48440291,45.93761163,180,8.268770094
9/21/2024,proj-retail,compute_engine,europe-north1,45.39098501,2.26954925,22.6954925,180,4.085188651
9/21/2024,proj-sales,pubsub,europe-north1,1541.764461,0.001541764461,0.01541764461,180,0.002775176029
9/21/2024,proj-hr,cloud_run,europe-north1,110.2536117,11.02536117,44.10144467,180,7.93826004
9/21/2024,proj-analytics,cloud_functions,europe-north1,253.6694529,0.0005073389057,0.02536694529,180,0.004566050151
9/21/2024,proj-infra,bigquery,europe-north1,4.625519929,23.12759964,9.251039857,180,1.665187174
9/21/2024,proj-infra,cloud_storage,europe-north1,676.2168953,13.52433791,0.6762168953,180,0.1217190412
9/21/2024,proj-analytics,gke,europe-north1,34.89019385,2.442313569,20.93411631,180,3.768140936
9/21/2024,proj-sales,gke,europe-north1,36.27420491,2.539194344,21.76452294,180,3.91761413
9/21/2024,proj-mlresearch,pubsub,europe-north1,1435.37379,0.00143537379,0.0143537379,180,0.002583672823
9/21/2024,proj-infra,cloud_run,europe-north1,179.1087892,17.91087892,71.64351567,180,12.89583282
9/21/2024,proj-app,vertex_ai,europe-north1,28.9371339,57.87426781,72.34283476,180,13.02171026
9/21/2024,proj-retail,pubsub,europe-north1,2363.537176,0.002363537176,0.02363537176,180,0.004254366917
9/21/2024,proj-hr,cloud_loadbalancer,europe-north1,7787.113785,0.003893556892,0.007787113785,180,0.001401680481
9/21/2024,proj-marketing,cloud_functions,europe-north1,268.9122055,0.000537824411,0.02689122055,180,0.004840419699
9/21/2024,proj-infra,cloud_functions,europe-north1,267.6600355,0.000535320071,0.02676600355,180,0.004817880639
9/21/2024,proj-finance,genai_api,europe-north1,664.431436,0.01328862872,0.01328862872,180,0.002391953169
9/21/2024,proj-mlresearch,compute_engine,europe-north1,46.7479559,2.337397795,23.37397795,180,4.207316031
9/21/2024,proj-retail,gke,europe-north1,37.51180996,2.625826697,22.50708597,180,4.051275475
9/21/2024,proj-analytics,compute_engine,europe-north1,47.21757987,2.360878994,23.60878994,180,4.249582188
9/21/2024,proj-finance,cloud_loadbalancer,europe-north1,7970.620005,0.003985310003,0.007970620005,180,0.001434711601
9/21/2024,proj-retail,vertex_ai,europe-north1,28.97509918,57.95019836,72.43774795,180,13.03879463
9/21/2024,proj-retail,cloud_run,europe-north1,113.9649981,11.39649981,45.58599924,180,8.205479863
9/21/2024,proj-support,cloud_storage,europe-north1,640.716728,12.81433456,0.640716728,180,0.115329011
9/21/2024,proj-app,gke,europe-north1,35.11130579,2.457791405,21.06678347,180,3.792021025
9/21/2024,proj-support,vertex_ai,europe-north1,30.59560114,61.19120228,76.48900285,180,13.76802051
9/21/2024,proj-infra,pubsub,europe-north1,1555.435977,0.001555435977,0.01555435977,180,0.002799784759
9/21/2024,proj-hr,cloud_storage,europe-north1,659.3819184,13.18763837,0.6593819184,180,0.1186887453
9/21/2024,proj-hr,cloud_functions,europe-north1,264.9661402,0.0005299322805,0.02649661402,180,0.004769390524
9/21/2024,proj-mlresearch,vertex_ai,europe-north1,54.89028368,109.7805674,137.2257092,180,24.70062765
9/21/2024,proj-analytics,genai_api,europe-north1,664.0710585,0.01328142117,0.01328142117,180,0.002390655811
9/21/2024,proj-finance,compute_engine,europe-north1,44.45706365,2.222853182,22.22853182,180,4.001135728
9/21/2024,proj-finance,cloud_storage,europe-north1,655.8252642,13.11650528,0.6558252642,180,0.1180485476
9/21/2024,proj-retail,cloud_loadbalancer,europe-north1,12748.76971,0.006374384856,0.01274876971,180,0.002294778548
9/21/2024,proj-app,bigquery,europe-north1,4.336552656,21.68276328,8.673105312,180,1.561158956
9/21/2024,proj-sales,cloud_loadbalancer,europe-north1,7808.448432,0.003904224216,0.007808448432,180,0.001405520718
9/21/2024,proj-mlresearch,cloud_storage,europe-north1,649.871897,12.99743794,0.649871897,180,0.1169769415
9/21/2024,proj-support,compute_engine,europe-north1,43.95319105,2.197659553,21.97659553,180,3.955787195
9/21/2024,proj-infra,compute_engine,europe-north1,67.10096719,3.35504836,33.5504836,180,6.039087047
9/21/2024,proj-hr,pubsub,europe-north1,1546.712514,0.001546712514,0.01546712514,180,0.002784082525
9/21/2024,proj-analytics,cloud_storage,europe-north1,954.2942714,19.08588543,0.9542942714,180,0.1717729688
9/21/2024,proj-finance,pubsub,europe-north1,1544.735305,0.001544735305,0.01544735305,180,0.00278052355
9/21/2024,proj-marketing,compute_engine,europe-west1,45.21886917,2.260943459,22.60943459,280,6.330641684
9/21/2024,proj-mlresearch,cloud_loadbalancer,europe-west1,7946.250882,0.003973125441,0.007946250882,280,0.002224950247
9/21/2024,proj-sales,compute_engine,europe-west1,44.36169981,2.218084991,22.18084991,280,6.210637974
9/21/2024,proj-support,vertex_ai,europe-west1,18.73701237,37.47402474,46.84253093,280,13.11590866
9/21/2024,proj-app,vertex_ai,europe-west1,18.99784249,37.99568498,47.49460622,280,13.29848974
9/21/2024,proj-infra,vertex_ai,europe-west1,19.72057401,39.44114802,49.30143502,280,13.80440181
9/21/2024,proj-mlresearch,bigquery,europe-west1,4.362623807,21.81311903,8.725247613,280,2.443069332
9/21/2024,proj-infra,cloud_storage,europe-west1,634.0549567,12.68109913,0.6340549567,280,0.1775353879
9/21/2024,proj-hr,cloud_run,europe-west1,115.0566633,11.50566633,46.02266531,280,12.88634629
9/21/2024,proj-infra,cloud_loadbalancer,europe-west1,7871.485429,0.003935742715,0.007871485429,280,0.00220401592
9/21/2024,proj-sales,vertex_ai,europe-west1,20.21450372,40.42900744,50.5362593,280,14.1501526
9/21/2024,proj-sales,cloud_loadbalancer,europe-west1,7640.519544,0.003820259772,0.007640519544,280,0.002139345472
9/21/2024,proj-finance,gke,europe-west1,34.55072207,2.418550545,20.73043324,280,5.804521308
9/21/2024,proj-app,bigquery,europe-west1,4.507944278,22.53972139,9.015888556,280,2.524448796
9/21/2024,proj-mlresearch,cloud_storage,europe-west1,656.7115922,13.13423184,0.6567115922,280,0.1838792458
9/21/2024,proj-app,gke,europe-west1,36.96533149,2.587573204,22.17919889,280,6.21017569
9/21/2024,proj-finance,cloud_functions,europe-west1,268.5342974,0.0005370685948,0.02685342974,280,0.007518960328
9/21/2024,proj-finance,pubsub,europe-west1,1562.932955,0.001562932955,0.01562932955,280,0.004376212275
9/21/2024,proj-mlresearch,compute_engine,europe-west1,46.46333378,2.323166689,23.23166689,280,6.504866729
9/21/2024,proj-hr,cloud_loadbalancer,europe-west1,7830.242134,0.003915121067,0.007830242134,280,0.002192467798
9/21/2024,proj-mlresearch,gke,europe-west1,35.72393732,2.500675613,21.43436239,280,6.00162147
9/21/2024,proj-support,bigquery,europe-west1,4.447933442,22.23966721,8.895866885,280,2.490842728
9/21/2024,proj-analytics,pubsub,europe-west1,1517.597172,0.001517597172,0.01517597172,280,0.004249272082
9/21/2024,proj-sales,cloud_functions,europe-west1,255.5058487,0.0005110116973,0.02555058487,280,0.007154163763
9/21/2024,proj-marketing,gke,europe-west1,35.93528371,2.51546986,21.56117023,280,6.037127663
9/21/2024,proj-analytics,cloud_run,europe-west1,118.7556411,11.87556411,47.50225643,280,13.3006318
9/21/2024,proj-marketing,cloud_functions,europe-west1,252.8483551,0.0005056967103,0.02528483551,280,0.007079753944
9/21/2024,proj-sales,cloud_storage,europe-west1,651.3087399,13.0261748,0.6513087399,280,0.1823664472
9/21/2024,proj-retail,vertex_ai,europe-west1,20.27684791,40.55369582,50.69211977,280,14.19379354
9/21/2024,proj-finance,cloud_storage,europe-west1,632.5925684,12.65185137,0.6325925684,280,0.1771259191
9/21/2024,proj-app,compute_engine,europe-west1,45.49634709,2.274817354,22.74817354,280,6.369488592
9/21/2024,proj-infra,cloud_functions,europe-west1,254.541254,0.000509082508,0.0254541254,280,0.007127155113
9/21/2024,proj-app,cloud_loadbalancer,europe-west1,8082.282871,0.004041141435,0.008082282871,280,0.002263039204
9/21/2024,proj-analytics,gke,europe-west1,35.53723703,2.487606592,21.32234222,280,5.97025582
9/21/2024,proj-app,genai_api,europe-west1,438.6233192,0.008772466383,0.008772466383,280,0.002456290587
9/21/2024,proj-infra,bigquery,europe-west1,4.466980253,22.33490126,8.933960505,280,2.501508941
9/21/2024,proj-marketing,genai_api,europe-west1,418.4537605,0.008369075211,0.008369075211,280,0.002343341059
9/21/2024,proj-analytics,cloud_loadbalancer,europe-west1,7505.669103,0.003752834551,0.007505669103,280,0.002101587349
9/21/2024,proj-support,compute_engine,europe-west1,45.00846677,2.250423339,22.50423339,280,6.301185348
9/21/2024,proj-mlresearch,cloud_functions,europe-west1,247.0358368,0.0004940716737,0.02470358368,280,0.006917003431
9/21/2024,proj-hr,pubsub,europe-west1,1439.517785,0.001439517785,0.01439517785,280,0.004030649797
9/21/2024,proj-infra,compute_engine,europe-west1,64.85529748,3.242764874,32.42764874,280,9.079741647
9/21/2024,proj-hr,compute_engine,europe-west1,47.03166337,2.351583169,23.51583169,280,6.584432872
9/21/2024,proj-infra,genai_api,europe-west1,437.4161129,0.008748322259,0.008748322259,280,0.002449530232
9/21/2024,proj-support,pubsub,europe-west1,1512.069954,0.001512069954,0.01512069954,280,0.004233795872
9/21/2024,proj-analytics,cloud_storage,europe-west1,1004.585176,20.09170352,1.004585176,280,0.2812838493
9/21/2024,proj-marketing,bigquery,europe-west1,4.649012606,23.24506303,9.298025211,280,2.603447059
9/21/2024,proj-sales,bigquery,europe-west1,4.523139791,22.61569895,9.046279582,280,2.532958283
9/21/2024,proj-sales,pubsub,europe-west1,1455.882895,0.001455882895,0.01455882895,280,0.004076472105
9/21/2024,proj-app,pubsub,europe-west1,1438.493409,0.001438493409,0.01438493409,280,0.004027781546
9/21/2024,proj-retail,cloud_functions,europe-west1,427.5650791,0.0008551301582,0.04275650791,280,0.01197182222
9/21/2024,proj-support,cloud_functions,europe-west1,249.1670615,0.0004983341229,0.02491670615,280,0.006976677721
9/21/2024,proj-mlresearch,cloud_run,europe-west1,115.4195766,11.54195766,46.16783064,280,12.92699258
9/21/2024,proj-hr,vertex_ai,europe-west1,18.60716391,37.21432783,46.51790978,280,13.02501474
9/21/2024,proj-sales,cloud_run,europe-west1,108.607046,10.8607046,43.4428184,280,12.16398915
9/21/2024,proj-marketing,pubsub,europe-west1,1497.875481,0.001497875481,0.01497875481,280,0.004194051348
9/21/2024,proj-retail,cloud_run,europe-west1,117.9306177,11.79306177,47.17224707,280,13.20822918
9/21/2024,proj-retail,gke,europe-west1,38.00413279,2.660289295,22.80247967,280,6.384694309
9/21/2024,proj-infra,gke,europe-west1,55.14899349,3.860429544,33.0893961,280,9.265030907
9/21/2024,proj-support,cloud_loadbalancer,europe-west1,7883.92297,0.003941961485,0.00788392297,280,0.002207498432
9/21/2024,proj-hr,gke,europe-west1,34.80035109,2.436024576,20.88021065,280,5.846458983
9/21/2024,proj-sales,gke,europe-west1,35.45284641,2.481699249,21.27170785,280,5.956078198
9/21/2024,proj-infra,pubsub,europe-west1,1469.235818,0.001469235818,0.01469235818,280,0.00411386029
9/21/2024,proj-retail,compute_engine,europe-west1,43.65348538,2.182674269,21.82674269,280,6.111487953
9/21/2024,proj-analytics,vertex_ai,europe-west1,19.73238579,39.46477159,49.33096448,280,13.81267006
9/21/2024,proj-analytics,bigquery,europe-west1,6.961839877,34.80919938,13.92367975,280,3.898630331
9/21/2024,proj-hr,bigquery,europe-west1,4.468619633,22.34309817,8.937239266,280,2.502426995
9/21/2024,proj-analytics,cloud_functions,europe-west1,251.2448008,0.0005024896015,0.02512448008,280,0.007034854422
9/21/2024,proj-finance,cloud_run,europe-west1,110.9905802,11.09905802,44.39623209,280,12.43094498
9/21/2024,proj-mlresearch,vertex_ai,europe-west1,33.64769296,67.29538592,84.1192324,280,23.55338507
9/21/2024,proj-finance,genai_api,europe-west1,429.8391307,0.008596782613,0.008596782613,280,0.002407099132
9/21/2024,proj-finance,bigquery,europe-west1,5.850683923,29.25341961,11.70136785,280,3.276382997
9/21/2024,proj-app,cloud_run,europe-west1,112.3020549,11.23020549,44.92082196,280,12.57783015
9/21/2024,proj-finance,cloud_loadbalancer,europe-west1,7740.507337,0.003870253669,0.007740507337,280,0.002167342054
9/21/2024,proj-support,genai_api,europe-west1,438.3071568,0.008766143135,0.008766143135,280,0.002454520078
9/21/2024,proj-support,cloud_storage,europe-west1,664.1546331,13.28309266,0.6641546331,280,0.1859632973
9/21/2024,proj-support,gke,europe-west1,35.4055691,2.478389837,21.24334146,280,5.948135609
9/21/2024,proj-infra,cloud_run,europe-west1,170.0676547,17.00676547,68.02706188,280,19.04757733
9/21/2024,proj-hr,cloud_functions,europe-west1,263.9928607,0.0005279857214,0.02639928607,280,0.0073918001
9/21/2024,proj-finance,compute_engine,europe-west1,47.46671865,2.373335932,23.73335932,280,6.645340611
9/21/2024,proj-mlresearch,genai_api,europe-west1,791.4202634,0.01582840527,0.01582840527,280,0.004431953475
9/21/2024,proj-marketing,cloud_loadbalancer,europe-west1,7597.346522,0.003798673261,0.007597346522,280,0.002127257026
9/21/2024,proj-hr,genai_api,europe-west1,412.8205201,0.008256410403,0.008256410403,280,0.002311794913
9/21/2024,proj-finance,vertex_ai,europe-west1,19.24786725,38.4957345,48.11966813,280,13.47350708
9/21/2024,proj-analytics,genai_api,europe-west1,415.0157998,0.008300315997,0.008300315997,280,0.002324088479
9/21/2024,proj-hr,cloud_storage,europe-west1,633.9326712,12.67865342,0.6339326712,280,0.1775011479
9/21/2024,proj-retail,cloud_storage,europe-west1,664.950179,13.29900358,0.664950179,280,0.1861860501
9/21/2024,proj-retail,genai_api,europe-west1,441.4010961,0.008828021922,0.008828021922,280,0.002471846138
9/21/2024,proj-retail,bigquery,europe-west1,4.45040143,22.25200715,8.90080286,280,2.492224801
9/21/2024,proj-marketing,vertex_ai,europe-west1,18.79724502,37.59449004,46.99311255,280,13.15807151
9/21/2024,proj-sales,genai_api,europe-west1,431.3376273,0.008626752545,0.008626752545,280,0.002415490713
9/21/2024,proj-retail,pubsub,europe-west1,2357.863839,0.002357863839,0.02357863839,280,0.006602018749
9/21/2024,proj-analytics,compute_engine,europe-west1,43.66676811,2.183338405,21.83338405,280,6.113347535
9/21/2024,proj-app,cloud_functions,europe-west1,247.2460115,0.0004944920229,0.02472460115,280,0.006922888321
9/21/2024,proj-app,cloud_storage,europe-west1,619.3242788,12.38648558,0.6193242788,280,0.1734107981
9/21/2024,proj-marketing,cloud_storage,europe-west1,659.9899027,13.19979805,0.6599899027,280,0.1847971728
9/21/2024,proj-mlresearch,pubsub,europe-west1,1483.711688,0.001483711688,0.01483711688,280,0.004154392725
9/21/2024,proj-marketing,cloud_run,europe-west1,110.2074637,11.02074637,44.08298547,280,12.34323593
9/21/2024,proj-retail,cloud_loadbalancer,europe-west1,12860.65237,0.006430326186,0.01286065237,280,0.003600982664
9/21/2024,proj-support,cloud_run,europe-west1,109.7644662,10.97644662,43.90578649,280,12.29362022